Statistik_Code;Statistik_Label;Zeit_Code;Zeit_Label;Zeit;1_Merkmal_Code;1_Merkmal_Label;1_Auspraegung_Code;1_Auspraegung_Label;2_Merkmal_Code;2_Merkmal_Label;2_Auspraegung_Code;2_Auspraegung_Label;PREIS1__Verbraucherpreisindex__2015=100;CH0004__Veraenderung_zum_Vorjahresmonat__in_(%);CH0005__Veraenderung_zum_Vormonat__in_(%)
61111;Verbraucherpreisindex für Deutschland;JAHR;Jahr;1991;DINSG;Deutschland insgesamt;DG;Deutschland;MONAT;Monate;MONAT01;Januar;64,0;.;.
61111;Verbraucherpreisindex für Deutschland;JAHR;Jahr;1991;DINSG;Deutschland insgesamt;DG;Deutschland;MONAT;Monate;MONAT02;Februar;64,3;.;+0,5
61111;Verbraucherpreisindex für Deutschland;JAHR;Jahr;1991;DINSG;Deutschland insgesamt;DG;Deutschland;MONAT;Monate;MONAT03;März;64,3;.;-
61111;Verbraucherpreisindex für Deutschland;JAHR;Jahr;1991;DINSG;Deutschland insgesamt;DG;Deutschland;MONAT;Monate;MONAT04;April;64,5;.;+0,3
61111;Verbraucherpreisindex für Deutschland;JAHR;Jahr;1991;DINSG;Deutschland insgesamt;DG;Deutschland;MONAT;Monate;MONAT05;Mai;64,7;.;+0,3
61111;Verbraucherpreisindex für Deutschland;JAHR;Jahr;1991;DINSG;Deutschland insgesamt;DG;Deutschland;MONAT;Monate;MONAT06;Juni;65,1;.;+0,6
61111;Verbraucherpreisindex für Deutschland;JAHR;Jahr;1991;DINSG;Deutschland insgesamt;DG;Deutschland;MONAT;Monate;MONAT07;Juli;65,8;.;+1,1
61111;Verbraucherpreisindex für Deutschland;JAHR;Jahr;1991;DINSG;Deutschland insgesamt;DG;Deutschland;MONAT;Monate;MONAT08;August;65,8;.;-
61111;Verbraucherpreisindex für Deutschland;JAHR;Jahr;1991;DINSG;Deutschland insgesamt;DG;Deutschland;MONAT;Monate;MONAT09;September;65,8;.;-
61111;Verbraucherpreisindex für Deutschland;JAHR;Jahr;1991;DINSG;Deutschland insgesamt;DG;Deutschland;MONAT;Monate;MONAT10;Oktober;66,9;.;+1,7
61111;Verbraucherpreisindex für Deutschland;JAHR;Jahr;1991;DINSG;Deutschland insgesamt;DG;Deutschland;MONAT;Monate;MONAT11;November;67,1;.;+0,3
61111;Verbraucherpreisindex für Deutschland;JAHR;Jahr;1991;DINSG;Deutschland insgesamt;DG;Deutschland;MONAT;Monate;MONAT12;Dezember;67,2;.;+0,1
61111;Verbraucherpreisindex für Deutschland;JAHR;Jahr;1992;DINSG;Deutschland insgesamt;DG;Deutschland;MONAT;Monate;MONAT01;Januar;67,6;+5,6;+0,6
61111;Verbraucherpreisindex für Deutschland;JAHR;Jahr;1992;DINSG;Deutschland insgesamt;DG;Deutschland;MONAT;Monate;MONAT02;Februar;68,0;+5,8;+0,6
61111;Verbraucherpreisindex für Deutschland;JAHR;Jahr;1992;DINSG;Deutschland insgesamt;DG;Deutschland;MONAT;Monate;MONAT03;März;68,3;+6,2;+0,4
61111;Verbraucherpreisindex für Deutschland;JAHR;Jahr;1992;DINSG;Deutschland insgesamt;DG;Deutschland;MONAT;Monate;MONAT04;April;68,5;+6,2;+0,3
61111;Verbraucherpreisindex für Deutschland;JAHR;Jahr;1992;DINSG;Deutschland insgesamt;DG;Deutschland;MONAT;Monate;MONAT05;Mai;68,7;+6,2;+0,3
61111;Verbraucherpreisindex für Deutschland;JAHR;Jahr;1992;DINSG;Deutschland insgesamt;DG;Deutschland;MONAT;Monate;MONAT06;Juni;68,9;+5,8;+0,3
61111;Verbraucherpreisindex für Deutschland;JAHR;Jahr;1992;DINSG;Deutschland insgesamt;DG;Deutschland;MONAT;Monate;MONAT07;Juli;69,1;+5,0;+0,3
61111;Verbraucherpreisindex für Deutschland;JAHR;Jahr;1992;DINSG;Deutschland insgesamt;DG;Deutschland;MONAT;Monate;MONAT08;August;69,1;+5,0;-
61111;Verbraucherpreisindex für Deutschland;JAHR;Jahr;1992;DINSG;Deutschland insgesamt;DG;Deutschland;MONAT;Monate;MONAT09;September;69,1;+5,0;-
61111;Verbraucherpreisindex für Deutschland;JAHR;Jahr;1992;DINSG;Deutschland insgesamt;DG;Deutschland;MONAT;Monate;MONAT10;Oktober;69,1;+3,3;-
61111;Verbraucherpreisindex für Deutschland;JAHR;Jahr;1992;DINSG;Deutschland insgesamt;DG;Deutschland;MONAT;Monate;MONAT11;November;69,4;+3,4;+0,4
61111;Verbraucherpreisindex für Deutschland;JAHR;Jahr;1992;DINSG;Deutschland insgesamt;DG;Deutschland;MONAT;Monate;MONAT12;Dezember;69,5;+3,4;+0,1
61111;Verbraucherpreisindex für Deutschland;JAHR;Jahr;1993;DINSG;Deutschland insgesamt;DG;Deutschland;MONAT;Monate;MONAT01;Januar;70,7;+4,6;+1,7
61111;Verbraucherpreisindex für Deutschland;JAHR;Jahr;1993;DINSG;Deutschland insgesamt;DG;Deutschland;MONAT;Monate;MONAT02;Februar;71,2;+4,7;+0,7
61111;Verbraucherpreisindex für Deutschland;JAHR;Jahr;1993;DINSG;Deutschland insgesamt;DG;Deutschland;MONAT;Monate;MONAT03;März;71,4;+4,5;+0,3
61111;Verbraucherpreisindex für Deutschland;JAHR;Jahr;1993;DINSG;Deutschland insgesamt;DG;Deutschland;MONAT;Monate;MONAT04;April;71,6;+4,5;+0,3
61111;Verbraucherpreisindex für Deutschland;JAHR;Jahr;1993;DINSG;Deutschland insgesamt;DG;Deutschland;MONAT;Monate;MONAT05;Mai;71,7;+4,4;+0,1
61111;Verbraucherpreisindex für Deutschland;JAHR;Jahr;1993;DINSG;Deutschland insgesamt;DG;Deutschland;MONAT;Monate;MONAT06;Juni;71,9;+4,4;+0,3
61111;Verbraucherpreisindex für Deutschland;JAHR;Jahr;1993;DINSG;Deutschland insgesamt;DG;Deutschland;MONAT;Monate;MONAT07;Juli;72,3;+4,6;+0,6
61111;Verbraucherpreisindex für Deutschland;JAHR;Jahr;1993;DINSG;Deutschland insgesamt;DG;Deutschland;MONAT;Monate;MONAT08;August;72,3;+4,6;-
61111;Verbraucherpreisindex für Deutschland;JAHR;Jahr;1993;DINSG;Deutschland insgesamt;DG;Deutschland;MONAT;Monate;MONAT09;September;72,2;+4,5;-0,1
61111;Verbraucherpreisindex für Deutschland;JAHR;Jahr;1993;DINSG;Deutschland insgesamt;DG;Deutschland;MONAT;Monate;MONAT10;Oktober;72,2;+4,5;-
61111;Verbraucherpreisindex für Deutschland;JAHR;Jahr;1993;DINSG;Deutschland insgesamt;DG;Deutschland;MONAT;Monate;MONAT11;November;72,3;+4,2;+0,1
61111;Verbraucherpreisindex für Deutschland;JAHR;Jahr;1993;DINSG;Deutschland insgesamt;DG;Deutschland;MONAT;Monate;MONAT12;Dezember;72,5;+4,3;+0,3
61111;Verbraucherpreisindex für Deutschland;JAHR;Jahr;1994;DINSG;Deutschland insgesamt;DG;Deutschland;MONAT;Monate;MONAT01;Januar;72,8;+3,0;+0,4
61111;Verbraucherpreisindex für Deutschland;JAHR;Jahr;1994;DINSG;Deutschland insgesamt;DG;Deutschland;MONAT;Monate;MONAT02;Februar;73,4;+3,1;+0,8
61111;Verbraucherpreisindex für Deutschland;JAHR;Jahr;1994;DINSG;Deutschland insgesamt;DG;Deutschland;MONAT;Monate;MONAT03;März;73,5;+2,9;+0,1
61111;Verbraucherpreisindex für Deutschland;JAHR;Jahr;1994;DINSG;Deutschland insgesamt;DG;Deutschland;MONAT;Monate;MONAT04;April;73,6;+2,8;+0,1
61111;Verbraucherpreisindex für Deutschland;JAHR;Jahr;1994;DINSG;Deutschland insgesamt;DG;Deutschland;MONAT;Monate;MONAT05;Mai;73,8;+2,9;+0,3
61111;Verbraucherpreisindex für Deutschland;JAHR;Jahr;1994;DINSG;Deutschland insgesamt;DG;Deutschland;MONAT;Monate;MONAT06;Juni;73,9;+2,8;+0,1
61111;Verbraucherpreisindex für Deutschland;JAHR;Jahr;1994;DINSG;Deutschland insgesamt;DG;Deutschland;MONAT;Monate;MONAT07;Juli;74,0;+2,4;+0,1
61111;Verbraucherpreisindex für Deutschland;JAHR;Jahr;1994;DINSG;Deutschland insgesamt;DG;Deutschland;MONAT;Monate;MONAT08;August;74,2;+2,6;+0,3
61111;Verbraucherpreisindex für Deutschland;JAHR;Jahr;1994;DINSG;Deutschland insgesamt;DG;Deutschland;MONAT;Monate;MONAT09;September;74,0;+2,5;-0,3
61111;Verbraucherpreisindex für Deutschland;JAHR;Jahr;1994;DINSG;Deutschland insgesamt;DG;Deutschland;MONAT;Monate;MONAT10;Oktober;73,9;+2,4;-0,1
61111;Verbraucherpreisindex für Deutschland;JAHR;Jahr;1994;DINSG;Deutschland insgesamt;DG;Deutschland;MONAT;Monate;MONAT11;November;74,0;+2,4;+0,1
61111;Verbraucherpreisindex für Deutschland;JAHR;Jahr;1994;DINSG;Deutschland insgesamt;DG;Deutschland;MONAT;Monate;MONAT12;Dezember;74,2;+2,3;+0,3
61111;Verbraucherpreisindex für Deutschland;JAHR;Jahr;1995;DINSG;Deutschland insgesamt;DG;Deutschland;MONAT;Monate;MONAT01;Januar;74,5;+2,3;+0,4
61111;Verbraucherpreisindex für Deutschland;JAHR;Jahr;1995;DINSG;Deutschland insgesamt;DG;Deutschland;MONAT;Monate;MONAT02;Februar;74,9;+2,0;+0,5
61111;Verbraucherpreisindex für Deutschland;JAHR;Jahr;1995;DINSG;Deutschland insgesamt;DG;Deutschland;MONAT;Monate;MONAT03;März;74,9;+1,9;-
61111;Verbraucherpreisindex für Deutschland;JAHR;Jahr;1995;DINSG;Deutschland insgesamt;DG;Deutschland;MONAT;Monate;MONAT04;April;75,0;+1,9;+0,1
61111;Verbraucherpreisindex für Deutschland;JAHR;Jahr;1995;DINSG;Deutschland insgesamt;DG;Deutschland;MONAT;Monate;MONAT05;Mai;75,0;+1,6;-
61111;Verbraucherpreisindex für Deutschland;JAHR;Jahr;1995;DINSG;Deutschland insgesamt;DG;Deutschland;MONAT;Monate;MONAT06;Juni;75,1;+1,6;+0,1
61111;Verbraucherpreisindex für Deutschland;JAHR;Jahr;1995;DINSG;Deutschland insgesamt;DG;Deutschland;MONAT;Monate;MONAT07;Juli;75,3;+1,8;+0,3
61111;Verbraucherpreisindex für Deutschland;JAHR;Jahr;1995;DINSG;Deutschland insgesamt;DG;Deutschland;MONAT;Monate;MONAT08;August;75,3;+1,5;-
61111;Verbraucherpreisindex für Deutschland;JAHR;Jahr;1995;DINSG;Deutschland insgesamt;DG;Deutschland;MONAT;Monate;MONAT09;September;75,3;+1,8;-
61111;Verbraucherpreisindex für Deutschland;JAHR;Jahr;1995;DINSG;Deutschland insgesamt;DG;Deutschland;MONAT;Monate;MONAT10;Oktober;75,1;+1,6;-0,3
61111;Verbraucherpreisindex für Deutschland;JAHR;Jahr;1995;DINSG;Deutschland insgesamt;DG;Deutschland;MONAT;Monate;MONAT11;November;75,1;+1,5;-
61111;Verbraucherpreisindex für Deutschland;JAHR;Jahr;1995;DINSG;Deutschland insgesamt;DG;Deutschland;MONAT;Monate;MONAT12;Dezember;75,3;+1,5;+0,3
61111;Verbraucherpreisindex für Deutschland;JAHR;Jahr;1996;DINSG;Deutschland insgesamt;DG;Deutschland;MONAT;Monate;MONAT01;Januar;75,5;+1,3;+0,3
61111;Verbraucherpreisindex für Deutschland;JAHR;Jahr;1996;DINSG;Deutschland insgesamt;DG;Deutschland;MONAT;Monate;MONAT02;Februar;76,0;+1,5;+0,7
61111;Verbraucherpreisindex für Deutschland;JAHR;Jahr;1996;DINSG;Deutschland insgesamt;DG;Deutschland;MONAT;Monate;MONAT03;März;76,0;+1,5;-
61111;Verbraucherpreisindex für Deutschland;JAHR;Jahr;1996;DINSG;Deutschland insgesamt;DG;Deutschland;MONAT;Monate;MONAT04;April;76,0;+1,3;-
61111;Verbraucherpreisindex für Deutschland;JAHR;Jahr;1996;DINSG;Deutschland insgesamt;DG;Deutschland;MONAT;Monate;MONAT05;Mai;76,1;+1,5;+0,1
61111;Verbraucherpreisindex für Deutschland;JAHR;Jahr;1996;DINSG;Deutschland insgesamt;DG;Deutschland;MONAT;Monate;MONAT06;Juni;76,2;+1,5;+0,1
61111;Verbraucherpreisindex für Deutschland;JAHR;Jahr;1996;DINSG;Deutschland insgesamt;DG;Deutschland;MONAT;Monate;MONAT07;Juli;76,3;+1,3;+0,1
61111;Verbraucherpreisindex für Deutschland;JAHR;Jahr;1996;DINSG;Deutschland insgesamt;DG;Deutschland;MONAT;Monate;MONAT08;August;76,3;+1,3;-
61111;Verbraucherpreisindex für Deutschland;JAHR;Jahr;1996;DINSG;Deutschland insgesamt;DG;Deutschland;MONAT;Monate;MONAT09;September;76,3;+1,3;-
61111;Verbraucherpreisindex für Deutschland;JAHR;Jahr;1996;DINSG;Deutschland insgesamt;DG;Deutschland;MONAT;Monate;MONAT10;Oktober;76,3;+1,6;-
61111;Verbraucherpreisindex für Deutschland;JAHR;Jahr;1996;DINSG;Deutschland insgesamt;DG;Deutschland;MONAT;Monate;MONAT11;November;76,2;+1,5;-0,1
61111;Verbraucherpreisindex für Deutschland;JAHR;Jahr;1996;DINSG;Deutschland insgesamt;DG;Deutschland;MONAT;Monate;MONAT12;Dezember;76,5;+1,6;+0,4
61111;Verbraucherpreisindex für Deutschland;JAHR;Jahr;1997;DINSG;Deutschland insgesamt;DG;Deutschland;MONAT;Monate;MONAT01;Januar;77,1;+2,1;+0,8
61111;Verbraucherpreisindex für Deutschland;JAHR;Jahr;1997;DINSG;Deutschland insgesamt;DG;Deutschland;MONAT;Monate;MONAT02;Februar;77,2;+1,6;+0,1
61111;Verbraucherpreisindex für Deutschland;JAHR;Jahr;1997;DINSG;Deutschland insgesamt;DG;Deutschland;MONAT;Monate;MONAT03;März;77,2;+1,6;-
61111;Verbraucherpreisindex für Deutschland;JAHR;Jahr;1997;DINSG;Deutschland insgesamt;DG;Deutschland;MONAT;Monate;MONAT04;April;77,1;+1,4;-0,1
61111;Verbraucherpreisindex für Deutschland;JAHR;Jahr;1997;DINSG;Deutschland insgesamt;DG;Deutschland;MONAT;Monate;MONAT05;Mai;77,3;+1,6;+0,3
61111;Verbraucherpreisindex für Deutschland;JAHR;Jahr;1997;DINSG;Deutschland insgesamt;DG;Deutschland;MONAT;Monate;MONAT06;Juni;77,4;+1,6;+0,1
61111;Verbraucherpreisindex für Deutschland;JAHR;Jahr;1997;DINSG;Deutschland insgesamt;DG;Deutschland;MONAT;Monate;MONAT07;Juli;78,1;+2,4;+0,9
61111;Verbraucherpreisindex für Deutschland;JAHR;Jahr;1997;DINSG;Deutschland insgesamt;DG;Deutschland;MONAT;Monate;MONAT08;August;78,1;+2,4;-
61111;Verbraucherpreisindex für Deutschland;JAHR;Jahr;1997;DINSG;Deutschland insgesamt;DG;Deutschland;MONAT;Monate;MONAT09;September;78,0;+2,2;-0,1
61111;Verbraucherpreisindex für Deutschland;JAHR;Jahr;1997;DINSG;Deutschland insgesamt;DG;Deutschland;MONAT;Monate;MONAT10;Oktober;77,9;+2,1;-0,1
61111;Verbraucherpreisindex für Deutschland;JAHR;Jahr;1997;DINSG;Deutschland insgesamt;DG;Deutschland;MONAT;Monate;MONAT11;November;77,9;+2,2;-
61111;Verbraucherpreisindex für Deutschland;JAHR;Jahr;1997;DINSG;Deutschland insgesamt;DG;Deutschland;MONAT;Monate;MONAT12;Dezember;78,1;+2,1;+0,3
61111;Verbraucherpreisindex für Deutschland;JAHR;Jahr;1998;DINSG;Deutschland insgesamt;DG;Deutschland;MONAT;Monate;MONAT01;Januar;78,1;+1,3;-
61111;Verbraucherpreisindex für Deutschland;JAHR;Jahr;1998;DINSG;Deutschland insgesamt;DG;Deutschland;MONAT;Monate;MONAT02;Februar;78,2;+1,3;+0,1
61111;Verbraucherpreisindex für Deutschland;JAHR;Jahr;1998;DINSG;Deutschland insgesamt;DG;Deutschland;MONAT;Monate;MONAT03;März;78,1;+1,2;-0,1
61111;Verbraucherpreisindex für Deutschland;JAHR;Jahr;1998;DINSG;Deutschland insgesamt;DG;Deutschland;MONAT;Monate;MONAT04;April;78,2;+1,4;+0,1
61111;Verbraucherpreisindex für Deutschland;JAHR;Jahr;1998;DINSG;Deutschland insgesamt;DG;Deutschland;MONAT;Monate;MONAT05;Mai;78,3;+1,3;+0,1
61111;Verbraucherpreisindex für Deutschland;JAHR;Jahr;1998;DINSG;Deutschland insgesamt;DG;Deutschland;MONAT;Monate;MONAT06;Juni;78,4;+1,3;+0,1
61111;Verbraucherpreisindex für Deutschland;JAHR;Jahr;1998;DINSG;Deutschland insgesamt;DG;Deutschland;MONAT;Monate;MONAT07;Juli;78,7;+0,8;+0,4
61111;Verbraucherpreisindex für Deutschland;JAHR;Jahr;1998;DINSG;Deutschland insgesamt;DG;Deutschland;MONAT;Monate;MONAT08;August;78,5;+0,5;-0,3
61111;Verbraucherpreisindex für Deutschland;JAHR;Jahr;1998;DINSG;Deutschland insgesamt;DG;Deutschland;MONAT;Monate;MONAT09;September;78,3;+0,4;-0,3
61111;Verbraucherpreisindex für Deutschland;JAHR;Jahr;1998;DINSG;Deutschland insgesamt;DG;Deutschland;MONAT;Monate;MONAT10;Oktober;78,2;+0,4;-0,1
61111;Verbraucherpreisindex für Deutschland;JAHR;Jahr;1998;DINSG;Deutschland insgesamt;DG;Deutschland;MONAT;Monate;MONAT11;November;78,2;+0,4;-
61111;Verbraucherpreisindex für Deutschland;JAHR;Jahr;1998;DINSG;Deutschland insgesamt;DG;Deutschland;MONAT;Monate;MONAT12;Dezember;78,3;+0,3;+0,1
61111;Verbraucherpreisindex für Deutschland;JAHR;Jahr;1999;DINSG;Deutschland insgesamt;DG;Deutschland;MONAT;Monate;MONAT01;Januar;78,2;+0,1;-0,1
61111;Verbraucherpreisindex für Deutschland;JAHR;Jahr;1999;DINSG;Deutschland insgesamt;DG;Deutschland;MONAT;Monate;MONAT02;Februar;78,3;+0,1;+0,1
61111;Verbraucherpreisindex für Deutschland;JAHR;Jahr;1999;DINSG;Deutschland insgesamt;DG;Deutschland;MONAT;Monate;MONAT03;März;78,3;+0,3;-
61111;Verbraucherpreisindex für Deutschland;JAHR;Jahr;1999;DINSG;Deutschland insgesamt;DG;Deutschland;MONAT;Monate;MONAT04;April;78,7;+0,6;+0,5
61111;Verbraucherpreisindex für Deutschland;JAHR;Jahr;1999;DINSG;Deutschland insgesamt;DG;Deutschland;MONAT;Monate;MONAT05;Mai;78,7;+0,5;-
61111;Verbraucherpreisindex für Deutschland;JAHR;Jahr;1999;DINSG;Deutschland insgesamt;DG;Deutschland;MONAT;Monate;MONAT06;Juni;78,8;+0,5;+0,1
61111;Verbraucherpreisindex für Deutschland;JAHR;Jahr;1999;DINSG;Deutschland insgesamt;DG;Deutschland;MONAT;Monate;MONAT07;Juli;79,2;+0,6;+0,5
61111;Verbraucherpreisindex für Deutschland;JAHR;Jahr;1999;DINSG;Deutschland insgesamt;DG;Deutschland;MONAT;Monate;MONAT08;August;79,1;+0,8;-0,1
61111;Verbraucherpreisindex für Deutschland;JAHR;Jahr;1999;DINSG;Deutschland insgesamt;DG;Deutschland;MONAT;Monate;MONAT09;September;78,9;+0,8;-0,3
61111;Verbraucherpreisindex für Deutschland;JAHR;Jahr;1999;DINSG;Deutschland insgesamt;DG;Deutschland;MONAT;Monate;MONAT10;Oktober;78,8;+0,8;-0,1
61111;Verbraucherpreisindex für Deutschland;JAHR;Jahr;1999;DINSG;Deutschland insgesamt;DG;Deutschland;MONAT;Monate;MONAT11;November;79,0;+1,0;+0,3
61111;Verbraucherpreisindex für Deutschland;JAHR;Jahr;1999;DINSG;Deutschland insgesamt;DG;Deutschland;MONAT;Monate;MONAT12;Dezember;79,3;+1,3;+0,4
61111;Verbraucherpreisindex für Deutschland;JAHR;Jahr;2000;DINSG;Deutschland insgesamt;DG;Deutschland;MONAT;Monate;MONAT01;Januar;79,5;+1,7;+0,3
61111;Verbraucherpreisindex für Deutschland;JAHR;Jahr;2000;DINSG;Deutschland insgesamt;DG;Deutschland;MONAT;Monate;MONAT02;Februar;79,5;+1,5;-
61111;Verbraucherpreisindex für Deutschland;JAHR;Jahr;2000;DINSG;Deutschland insgesamt;DG;Deutschland;MONAT;Monate;MONAT03;März;79,5;+1,5;-
61111;Verbraucherpreisindex für Deutschland;JAHR;Jahr;2000;DINSG;Deutschland insgesamt;DG;Deutschland;MONAT;Monate;MONAT04;April;79,5;+1,0;-
61111;Verbraucherpreisindex für Deutschland;JAHR;Jahr;2000;DINSG;Deutschland insgesamt;DG;Deutschland;MONAT;Monate;MONAT05;Mai;79,5;+1,0;-
61111;Verbraucherpreisindex für Deutschland;JAHR;Jahr;2000;DINSG;Deutschland insgesamt;DG;Deutschland;MONAT;Monate;MONAT06;Juni;79,8;+1,3;+0,4
61111;Verbraucherpreisindex für Deutschland;JAHR;Jahr;2000;DINSG;Deutschland insgesamt;DG;Deutschland;MONAT;Monate;MONAT07;Juli;80,2;+1,3;+0,5
61111;Verbraucherpreisindex für Deutschland;JAHR;Jahr;2000;DINSG;Deutschland insgesamt;DG;Deutschland;MONAT;Monate;MONAT08;August;80,0;+1,1;-0,2
61111;Verbraucherpreisindex für Deutschland;JAHR;Jahr;2000;DINSG;Deutschland insgesamt;DG;Deutschland;MONAT;Monate;MONAT09;September;80,2;+1,6;+0,3
61111;Verbraucherpreisindex für Deutschland;JAHR;Jahr;2000;DINSG;Deutschland insgesamt;DG;Deutschland;MONAT;Monate;MONAT10;Oktober;80,1;+1,6;-0,1
61111;Verbraucherpreisindex für Deutschland;JAHR;Jahr;2000;DINSG;Deutschland insgesamt;DG;Deutschland;MONAT;Monate;MONAT11;November;80,2;+1,5;+0,1
61111;Verbraucherpreisindex für Deutschland;JAHR;Jahr;2000;DINSG;Deutschland insgesamt;DG;Deutschland;MONAT;Monate;MONAT12;Dezember;80,8;+1,9;+0,7
61111;Verbraucherpreisindex für Deutschland;JAHR;Jahr;2001;DINSG;Deutschland insgesamt;DG;Deutschland;MONAT;Monate;MONAT01;Januar;80,6;+1,4;-0,2
61111;Verbraucherpreisindex für Deutschland;JAHR;Jahr;2001;DINSG;Deutschland insgesamt;DG;Deutschland;MONAT;Monate;MONAT02;Februar;81,0;+1,9;+0,5
61111;Verbraucherpreisindex für Deutschland;JAHR;Jahr;2001;DINSG;Deutschland insgesamt;DG;Deutschland;MONAT;Monate;MONAT03;März;81,0;+1,9;-
61111;Verbraucherpreisindex für Deutschland;JAHR;Jahr;2001;DINSG;Deutschland insgesamt;DG;Deutschland;MONAT;Monate;MONAT04;April;81,4;+2,4;+0,5
61111;Verbraucherpreisindex für Deutschland;JAHR;Jahr;2001;DINSG;Deutschland insgesamt;DG;Deutschland;MONAT;Monate;MONAT05;Mai;81,7;+2,8;+0,4
61111;Verbraucherpreisindex für Deutschland;JAHR;Jahr;2001;DINSG;Deutschland insgesamt;DG;Deutschland;MONAT;Monate;MONAT06;Juni;81,8;+2,5;+0,1
61111;Verbraucherpreisindex für Deutschland;JAHR;Jahr;2001;DINSG;Deutschland insgesamt;DG;Deutschland;MONAT;Monate;MONAT07;Juli;81,9;+2,1;+0,1
61111;Verbraucherpreisindex für Deutschland;JAHR;Jahr;2001;DINSG;Deutschland insgesamt;DG;Deutschland;MONAT;Monate;MONAT08;August;81,7;+2,1;-0,2
61111;Verbraucherpreisindex für Deutschland;JAHR;Jahr;2001;DINSG;Deutschland insgesamt;DG;Deutschland;MONAT;Monate;MONAT09;September;81,7;+1,9;-
61111;Verbraucherpreisindex für Deutschland;JAHR;Jahr;2001;DINSG;Deutschland insgesamt;DG;Deutschland;MONAT;Monate;MONAT10;Oktober;81,6;+1,9;-0,1
61111;Verbraucherpreisindex für Deutschland;JAHR;Jahr;2001;DINSG;Deutschland insgesamt;DG;Deutschland;MONAT;Monate;MONAT11;November;81,4;+1,5;-0,2
61111;Verbraucherpreisindex für Deutschland;JAHR;Jahr;2001;DINSG;Deutschland insgesamt;DG;Deutschland;MONAT;Monate;MONAT12;Dezember;82,2;+1,7;+1,0
61111;Verbraucherpreisindex für Deutschland;JAHR;Jahr;2002;DINSG;Deutschland insgesamt;DG;Deutschland;MONAT;Monate;MONAT01;Januar;82,2;+2,0;-
61111;Verbraucherpreisindex für Deutschland;JAHR;Jahr;2002;DINSG;Deutschland insgesamt;DG;Deutschland;MONAT;Monate;MONAT02;Februar;82,5;+1,9;+0,4
61111;Verbraucherpreisindex für Deutschland;JAHR;Jahr;2002;DINSG;Deutschland insgesamt;DG;Deutschland;MONAT;Monate;MONAT03;März;82,7;+2,1;+0,2
61111;Verbraucherpreisindex für Deutschland;JAHR;Jahr;2002;DINSG;Deutschland insgesamt;DG;Deutschland;MONAT;Monate;MONAT04;April;82,6;+1,5;-0,1
61111;Verbraucherpreisindex für Deutschland;JAHR;Jahr;2002;DINSG;Deutschland insgesamt;DG;Deutschland;MONAT;Monate;MONAT05;Mai;82,7;+1,2;+0,1
61111;Verbraucherpreisindex für Deutschland;JAHR;Jahr;2002;DINSG;Deutschland insgesamt;DG;Deutschland;MONAT;Monate;MONAT06;Juni;82,7;+1,1;-
61111;Verbraucherpreisindex für Deutschland;JAHR;Jahr;2002;DINSG;Deutschland insgesamt;DG;Deutschland;MONAT;Monate;MONAT07;Juli;82,8;+1,1;+0,1
61111;Verbraucherpreisindex für Deutschland;JAHR;Jahr;2002;DINSG;Deutschland insgesamt;DG;Deutschland;MONAT;Monate;MONAT08;August;82,7;+1,2;-0,1
61111;Verbraucherpreisindex für Deutschland;JAHR;Jahr;2002;DINSG;Deutschland insgesamt;DG;Deutschland;MONAT;Monate;MONAT09;September;82,7;+1,2;-
61111;Verbraucherpreisindex für Deutschland;JAHR;Jahr;2002;DINSG;Deutschland insgesamt;DG;Deutschland;MONAT;Monate;MONAT10;Oktober;82,6;+1,2;-0,1
61111;Verbraucherpreisindex für Deutschland;JAHR;Jahr;2002;DINSG;Deutschland insgesamt;DG;Deutschland;MONAT;Monate;MONAT11;November;82,3;+1,1;-0,4
61111;Verbraucherpreisindex für Deutschland;JAHR;Jahr;2002;DINSG;Deutschland insgesamt;DG;Deutschland;MONAT;Monate;MONAT12;Dezember;83,1;+1,1;+1,0
61111;Verbraucherpreisindex für Deutschland;JAHR;Jahr;2003;DINSG;Deutschland insgesamt;DG;Deutschland;MONAT;Monate;MONAT01;Januar;83,1;+1,1;-
61111;Verbraucherpreisindex für Deutschland;JAHR;Jahr;2003;DINSG;Deutschland insgesamt;DG;Deutschland;MONAT;Monate;MONAT02;Februar;83,6;+1,3;+0,6
61111;Verbraucherpreisindex für Deutschland;JAHR;Jahr;2003;DINSG;Deutschland insgesamt;DG;Deutschland;MONAT;Monate;MONAT03;März;83,6;+1,1;-
61111;Verbraucherpreisindex für Deutschland;JAHR;Jahr;2003;DINSG;Deutschland insgesamt;DG;Deutschland;MONAT;Monate;MONAT04;April;83,4;+1,0;-0,2
61111;Verbraucherpreisindex für Deutschland;JAHR;Jahr;2003;DINSG;Deutschland insgesamt;DG;Deutschland;MONAT;Monate;MONAT05;Mai;83,2;+0,6;-0,2
61111;Verbraucherpreisindex für Deutschland;JAHR;Jahr;2003;DINSG;Deutschland insgesamt;DG;Deutschland;MONAT;Monate;MONAT06;Juni;83,5;+1,0;+0,4
61111;Verbraucherpreisindex für Deutschland;JAHR;Jahr;2003;DINSG;Deutschland insgesamt;DG;Deutschland;MONAT;Monate;MONAT07;Juli;83,6;+1,0;+0,1
61111;Verbraucherpreisindex für Deutschland;JAHR;Jahr;2003;DINSG;Deutschland insgesamt;DG;Deutschland;MONAT;Monate;MONAT08;August;83,6;+1,1;-
61111;Verbraucherpreisindex für Deutschland;JAHR;Jahr;2003;DINSG;Deutschland insgesamt;DG;Deutschland;MONAT;Monate;MONAT09;September;83,6;+1,1;-
61111;Verbraucherpreisindex für Deutschland;JAHR;Jahr;2003;DINSG;Deutschland insgesamt;DG;Deutschland;MONAT;Monate;MONAT10;Oktober;83,6;+1,2;-
61111;Verbraucherpreisindex für Deutschland;JAHR;Jahr;2003;DINSG;Deutschland insgesamt;DG;Deutschland;MONAT;Monate;MONAT11;November;83,4;+1,3;-0,2
61111;Verbraucherpreisindex für Deutschland;JAHR;Jahr;2003;DINSG;Deutschland insgesamt;DG;Deutschland;MONAT;Monate;MONAT12;Dezember;84,0;+1,1;+0,7
61111;Verbraucherpreisindex für Deutschland;JAHR;Jahr;2004;DINSG;Deutschland insgesamt;DG;Deutschland;MONAT;Monate;MONAT01;Januar;84,0;+1,1;-
61111;Verbraucherpreisindex für Deutschland;JAHR;Jahr;2004;DINSG;Deutschland insgesamt;DG;Deutschland;MONAT;Monate;MONAT02;Februar;84,2;+0,7;+0,2
61111;Verbraucherpreisindex für Deutschland;JAHR;Jahr;2004;DINSG;Deutschland insgesamt;DG;Deutschland;MONAT;Monate;MONAT03;März;84,5;+1,1;+0,4
61111;Verbraucherpreisindex für Deutschland;JAHR;Jahr;2004;DINSG;Deutschland insgesamt;DG;Deutschland;MONAT;Monate;MONAT04;April;84,8;+1,7;+0,4
61111;Verbraucherpreisindex für Deutschland;JAHR;Jahr;2004;DINSG;Deutschland insgesamt;DG;Deutschland;MONAT;Monate;MONAT05;Mai;85,0;+2,2;+0,2
61111;Verbraucherpreisindex für Deutschland;JAHR;Jahr;2004;DINSG;Deutschland insgesamt;DG;Deutschland;MONAT;Monate;MONAT06;Juni;85,0;+1,8;-
61111;Verbraucherpreisindex für Deutschland;JAHR;Jahr;2004;DINSG;Deutschland insgesamt;DG;Deutschland;MONAT;Monate;MONAT07;Juli;85,1;+1,8;+0,1
61111;Verbraucherpreisindex für Deutschland;JAHR;Jahr;2004;DINSG;Deutschland insgesamt;DG;Deutschland;MONAT;Monate;MONAT08;August;85,2;+1,9;+0,1
61111;Verbraucherpreisindex für Deutschland;JAHR;Jahr;2004;DINSG;Deutschland insgesamt;DG;Deutschland;MONAT;Monate;MONAT09;September;85,0;+1,7;-0,2
61111;Verbraucherpreisindex für Deutschland;JAHR;Jahr;2004;DINSG;Deutschland insgesamt;DG;Deutschland;MONAT;Monate;MONAT10;Oktober;85,1;+1,8;+0,1
61111;Verbraucherpreisindex für Deutschland;JAHR;Jahr;2004;DINSG;Deutschland insgesamt;DG;Deutschland;MONAT;Monate;MONAT11;November;85,0;+1,9;-0,1
61111;Verbraucherpreisindex für Deutschland;JAHR;Jahr;2004;DINSG;Deutschland insgesamt;DG;Deutschland;MONAT;Monate;MONAT12;Dezember;85,9;+2,3;+1,1
61111;Verbraucherpreisindex für Deutschland;JAHR;Jahr;2005;DINSG;Deutschland insgesamt;DG;Deutschland;MONAT;Monate;MONAT01;Januar;85,3;+1,5;-0,7
61111;Verbraucherpreisindex für Deutschland;JAHR;Jahr;2005;DINSG;Deutschland insgesamt;DG;Deutschland;MONAT;Monate;MONAT02;Februar;85,6;+1,7;+0,4
61111;Verbraucherpreisindex für Deutschland;JAHR;Jahr;2005;DINSG;Deutschland insgesamt;DG;Deutschland;MONAT;Monate;MONAT03;März;86,0;+1,8;+0,5
61111;Verbraucherpreisindex für Deutschland;JAHR;Jahr;2005;DINSG;Deutschland insgesamt;DG;Deutschland;MONAT;Monate;MONAT04;April;85,8;+1,2;-0,2
61111;Verbraucherpreisindex für Deutschland;JAHR;Jahr;2005;DINSG;Deutschland insgesamt;DG;Deutschland;MONAT;Monate;MONAT05;Mai;85,9;+1,1;+0,1
61111;Verbraucherpreisindex für Deutschland;JAHR;Jahr;2005;DINSG;Deutschland insgesamt;DG;Deutschland;MONAT;Monate;MONAT06;Juni;86,1;+1,3;+0,2
61111;Verbraucherpreisindex für Deutschland;JAHR;Jahr;2005;DINSG;Deutschland insgesamt;DG;Deutschland;MONAT;Monate;MONAT07;Juli;86,4;+1,5;+0,3
61111;Verbraucherpreisindex für Deutschland;JAHR;Jahr;2005;DINSG;Deutschland insgesamt;DG;Deutschland;MONAT;Monate;MONAT08;August;86,5;+1,5;+0,1
61111;Verbraucherpreisindex für Deutschland;JAHR;Jahr;2005;DINSG;Deutschland insgesamt;DG;Deutschland;MONAT;Monate;MONAT09;September;86,6;+1,9;+0,1
61111;Verbraucherpreisindex für Deutschland;JAHR;Jahr;2005;DINSG;Deutschland insgesamt;DG;Deutschland;MONAT;Monate;MONAT10;Oktober;86,7;+1,9;+0,1
61111;Verbraucherpreisindex für Deutschland;JAHR;Jahr;2005;DINSG;Deutschland insgesamt;DG;Deutschland;MONAT;Monate;MONAT11;November;86,4;+1,6;-0,3
61111;Verbraucherpreisindex für Deutschland;JAHR;Jahr;2005;DINSG;Deutschland insgesamt;DG;Deutschland;MONAT;Monate;MONAT12;Dezember;87,1;+1,4;+0,8
61111;Verbraucherpreisindex für Deutschland;JAHR;Jahr;2006;DINSG;Deutschland insgesamt;DG;Deutschland;MONAT;Monate;MONAT01;Januar;86,8;+1,8;-0,3
61111;Verbraucherpreisindex für Deutschland;JAHR;Jahr;2006;DINSG;Deutschland insgesamt;DG;Deutschland;MONAT;Monate;MONAT02;Februar;87,2;+1,9;+0,5
61111;Verbraucherpreisindex für Deutschland;JAHR;Jahr;2006;DINSG;Deutschland insgesamt;DG;Deutschland;MONAT;Monate;MONAT03;März;87,2;+1,4;-
61111;Verbraucherpreisindex für Deutschland;JAHR;Jahr;2006;DINSG;Deutschland insgesamt;DG;Deutschland;MONAT;Monate;MONAT04;April;87,5;+2,0;+0,3
61111;Verbraucherpreisindex für Deutschland;JAHR;Jahr;2006;DINSG;Deutschland insgesamt;DG;Deutschland;MONAT;Monate;MONAT05;Mai;87,5;+1,9;-
61111;Verbraucherpreisindex für Deutschland;JAHR;Jahr;2006;DINSG;Deutschland insgesamt;DG;Deutschland;MONAT;Monate;MONAT06;Juni;87,7;+1,9;+0,2
61111;Verbraucherpreisindex für Deutschland;JAHR;Jahr;2006;DINSG;Deutschland insgesamt;DG;Deutschland;MONAT;Monate;MONAT07;Juli;88,0;+1,9;+0,3
61111;Verbraucherpreisindex für Deutschland;JAHR;Jahr;2006;DINSG;Deutschland insgesamt;DG;Deutschland;MONAT;Monate;MONAT08;August;87,9;+1,6;-0,1
61111;Verbraucherpreisindex für Deutschland;JAHR;Jahr;2006;DINSG;Deutschland insgesamt;DG;Deutschland;MONAT;Monate;MONAT09;September;87,6;+1,2;-0,3
61111;Verbraucherpreisindex für Deutschland;JAHR;Jahr;2006;DINSG;Deutschland insgesamt;DG;Deutschland;MONAT;Monate;MONAT10;Oktober;87,6;+1,0;-
61111;Verbraucherpreisindex für Deutschland;JAHR;Jahr;2006;DINSG;Deutschland insgesamt;DG;Deutschland;MONAT;Monate;MONAT11;November;87,6;+1,4;-
61111;Verbraucherpreisindex für Deutschland;JAHR;Jahr;2006;DINSG;Deutschland insgesamt;DG;Deutschland;MONAT;Monate;MONAT12;Dezember;88,3;+1,4;+0,8
61111;Verbraucherpreisindex für Deutschland;JAHR;Jahr;2007;DINSG;Deutschland insgesamt;DG;Deutschland;MONAT;Monate;MONAT01;Januar;88,3;+1,7;-
61111;Verbraucherpreisindex für Deutschland;JAHR;Jahr;2007;DINSG;Deutschland insgesamt;DG;Deutschland;MONAT;Monate;MONAT02;Februar;88,7;+1,7;+0,5
61111;Verbraucherpreisindex für Deutschland;JAHR;Jahr;2007;DINSG;Deutschland insgesamt;DG;Deutschland;MONAT;Monate;MONAT03;März;88,9;+1,9;+0,2
61111;Verbraucherpreisindex für Deutschland;JAHR;Jahr;2007;DINSG;Deutschland insgesamt;DG;Deutschland;MONAT;Monate;MONAT04;April;89,3;+2,1;+0,4
61111;Verbraucherpreisindex für Deutschland;JAHR;Jahr;2007;DINSG;Deutschland insgesamt;DG;Deutschland;MONAT;Monate;MONAT05;Mai;89,3;+2,1;-
61111;Verbraucherpreisindex für Deutschland;JAHR;Jahr;2007;DINSG;Deutschland insgesamt;DG;Deutschland;MONAT;Monate;MONAT06;Juni;89,4;+1,9;+0,1
61111;Verbraucherpreisindex für Deutschland;JAHR;Jahr;2007;DINSG;Deutschland insgesamt;DG;Deutschland;MONAT;Monate;MONAT07;Juli;89,8;+2,0;+0,4
61111;Verbraucherpreisindex für Deutschland;JAHR;Jahr;2007;DINSG;Deutschland insgesamt;DG;Deutschland;MONAT;Monate;MONAT08;August;89,7;+2,0;-0,1
61111;Verbraucherpreisindex für Deutschland;JAHR;Jahr;2007;DINSG;Deutschland insgesamt;DG;Deutschland;MONAT;Monate;MONAT09;September;89,9;+2,6;+0,2
61111;Verbraucherpreisindex für Deutschland;JAHR;Jahr;2007;DINSG;Deutschland insgesamt;DG;Deutschland;MONAT;Monate;MONAT10;Oktober;90,1;+2,9;+0,2
61111;Verbraucherpreisindex für Deutschland;JAHR;Jahr;2007;DINSG;Deutschland insgesamt;DG;Deutschland;MONAT;Monate;MONAT11;November;90,6;+3,4;+0,6
61111;Verbraucherpreisindex für Deutschland;JAHR;Jahr;2007;DINSG;Deutschland insgesamt;DG;Deutschland;MONAT;Monate;MONAT12;Dezember;91,1;+3,2;+0,6
61111;Verbraucherpreisindex für Deutschland;JAHR;Jahr;2008;DINSG;Deutschland insgesamt;DG;Deutschland;MONAT;Monate;MONAT01;Januar;90,8;+2,8;-0,3
61111;Verbraucherpreisindex für Deutschland;JAHR;Jahr;2008;DINSG;Deutschland insgesamt;DG;Deutschland;MONAT;Monate;MONAT02;Februar;91,2;+2,8;+0,4
61111;Verbraucherpreisindex für Deutschland;JAHR;Jahr;2008;DINSG;Deutschland insgesamt;DG;Deutschland;MONAT;Monate;MONAT03;März;91,7;+3,1;+0,5
61111;Verbraucherpreisindex für Deutschland;JAHR;Jahr;2008;DINSG;Deutschland insgesamt;DG;Deutschland;MONAT;Monate;MONAT04;April;91,5;+2,5;-0,2
61111;Verbraucherpreisindex für Deutschland;JAHR;Jahr;2008;DINSG;Deutschland insgesamt;DG;Deutschland;MONAT;Monate;MONAT05;Mai;92,0;+3,0;+0,5
61111;Verbraucherpreisindex für Deutschland;JAHR;Jahr;2008;DINSG;Deutschland insgesamt;DG;Deutschland;MONAT;Monate;MONAT06;Juni;92,3;+3,2;+0,3
61111;Verbraucherpreisindex für Deutschland;JAHR;Jahr;2008;DINSG;Deutschland insgesamt;DG;Deutschland;MONAT;Monate;MONAT07;Juli;92,8;+3,3;+0,5
61111;Verbraucherpreisindex für Deutschland;JAHR;Jahr;2008;DINSG;Deutschland insgesamt;DG;Deutschland;MONAT;Monate;MONAT08;August;92,5;+3,1;-0,3
61111;Verbraucherpreisindex für Deutschland;JAHR;Jahr;2008;DINSG;Deutschland insgesamt;DG;Deutschland;MONAT;Monate;MONAT09;September;92,4;+2,8;-0,1
61111;Verbraucherpreisindex für Deutschland;JAHR;Jahr;2008;DINSG;Deutschland insgesamt;DG;Deutschland;MONAT;Monate;MONAT10;Oktober;92,2;+2,3;-0,2
61111;Verbraucherpreisindex für Deutschland;JAHR;Jahr;2008;DINSG;Deutschland insgesamt;DG;Deutschland;MONAT;Monate;MONAT11;November;91,8;+1,3;-0,4
61111;Verbraucherpreisindex für Deutschland;JAHR;Jahr;2008;DINSG;Deutschland insgesamt;DG;Deutschland;MONAT;Monate;MONAT12;Dezember;92,1;+1,1;+0,3
61111;Verbraucherpreisindex für Deutschland;JAHR;Jahr;2009;DINSG;Deutschland insgesamt;DG;Deutschland;MONAT;Monate;MONAT01;Januar;91,7;+1,0;-0,4
61111;Verbraucherpreisindex für Deutschland;JAHR;Jahr;2009;DINSG;Deutschland insgesamt;DG;Deutschland;MONAT;Monate;MONAT02;Februar;92,2;+1,1;+0,5
61111;Verbraucherpreisindex für Deutschland;JAHR;Jahr;2009;DINSG;Deutschland insgesamt;DG;Deutschland;MONAT;Monate;MONAT03;März;92,0;+0,3;-0,2
61111;Verbraucherpreisindex für Deutschland;JAHR;Jahr;2009;DINSG;Deutschland insgesamt;DG;Deutschland;MONAT;Monate;MONAT04;April;92,1;+0,7;+0,1
61111;Verbraucherpreisindex für Deutschland;JAHR;Jahr;2009;DINSG;Deutschland insgesamt;DG;Deutschland;MONAT;Monate;MONAT05;Mai;92,0;-;-0,1
61111;Verbraucherpreisindex für Deutschland;JAHR;Jahr;2009;DINSG;Deutschland insgesamt;DG;Deutschland;MONAT;Monate;MONAT06;Juni;92,3;-;+0,3
61111;Verbraucherpreisindex für Deutschland;JAHR;Jahr;2009;DINSG;Deutschland insgesamt;DG;Deutschland;MONAT;Monate;MONAT07;Juli;92,3;-0,5;-
61111;Verbraucherpreisindex für Deutschland;JAHR;Jahr;2009;DINSG;Deutschland insgesamt;DG;Deutschland;MONAT;Monate;MONAT08;August;92,5;-;+0,2
61111;Verbraucherpreisindex für Deutschland;JAHR;Jahr;2009;DINSG;Deutschland insgesamt;DG;Deutschland;MONAT;Monate;MONAT09;September;92,2;-0,2;-0,3
61111;Verbraucherpreisindex für Deutschland;JAHR;Jahr;2009;DINSG;Deutschland insgesamt;DG;Deutschland;MONAT;Monate;MONAT10;Oktober;92,3;+0,1;+0,1
61111;Verbraucherpreisindex für Deutschland;JAHR;Jahr;2009;DINSG;Deutschland insgesamt;DG;Deutschland;MONAT;Monate;MONAT11;November;92,1;+0,3;-0,2
61111;Verbraucherpreisindex für Deutschland;JAHR;Jahr;2009;DINSG;Deutschland insgesamt;DG;Deutschland;MONAT;Monate;MONAT12;Dezember;92,9;+0,9;+0,9
61111;Verbraucherpreisindex für Deutschland;JAHR;Jahr;2010;DINSG;Deutschland insgesamt;DG;Deutschland;MONAT;Monate;MONAT01;Januar;92,3;+0,7;-0,6
61111;Verbraucherpreisindex für Deutschland;JAHR;Jahr;2010;DINSG;Deutschland insgesamt;DG;Deutschland;MONAT;Monate;MONAT02;Februar;92,7;+0,5;+0,4
61111;Verbraucherpreisindex für Deutschland;JAHR;Jahr;2010;DINSG;Deutschland insgesamt;DG;Deutschland;MONAT;Monate;MONAT03;März;93,2;+1,3;+0,5
61111;Verbraucherpreisindex für Deutschland;JAHR;Jahr;2010;DINSG;Deutschland insgesamt;DG;Deutschland;MONAT;Monate;MONAT04;April;93,2;+1,2;-
61111;Verbraucherpreisindex für Deutschland;JAHR;Jahr;2010;DINSG;Deutschland insgesamt;DG;Deutschland;MONAT;Monate;MONAT05;Mai;93,2;+1,3;-
61111;Verbraucherpreisindex für Deutschland;JAHR;Jahr;2010;DINSG;Deutschland insgesamt;DG;Deutschland;MONAT;Monate;MONAT06;Juni;93,2;+1,0;-
61111;Verbraucherpreisindex für Deutschland;JAHR;Jahr;2010;DINSG;Deutschland insgesamt;DG;Deutschland;MONAT;Monate;MONAT07;Juli;93,3;+1,1;+0,1
61111;Verbraucherpreisindex für Deutschland;JAHR;Jahr;2010;DINSG;Deutschland insgesamt;DG;Deutschland;MONAT;Monate;MONAT08;August;93,4;+1,0;+0,1
61111;Verbraucherpreisindex für Deutschland;JAHR;Jahr;2010;DINSG;Deutschland insgesamt;DG;Deutschland;MONAT;Monate;MONAT09;September;93,3;+1,2;-0,1
61111;Verbraucherpreisindex für Deutschland;JAHR;Jahr;2010;DINSG;Deutschland insgesamt;DG;Deutschland;MONAT;Monate;MONAT10;Oktober;93,4;+1,2;+0,1
61111;Verbraucherpreisindex für Deutschland;JAHR;Jahr;2010;DINSG;Deutschland insgesamt;DG;Deutschland;MONAT;Monate;MONAT11;November;93,6;+1,6;+0,2
61111;Verbraucherpreisindex für Deutschland;JAHR;Jahr;2010;DINSG;Deutschland insgesamt;DG;Deutschland;MONAT;Monate;MONAT12;Dezember;94,1;+1,3;+0,5
61111;Verbraucherpreisindex für Deutschland;JAHR;Jahr;2011;DINSG;Deutschland insgesamt;DG;Deutschland;MONAT;Monate;MONAT01;Januar;93,9;+1,7;-0,2
61111;Verbraucherpreisindex für Deutschland;JAHR;Jahr;2011;DINSG;Deutschland insgesamt;DG;Deutschland;MONAT;Monate;MONAT02;Februar;94,5;+1,9;+0,6
61111;Verbraucherpreisindex für Deutschland;JAHR;Jahr;2011;DINSG;Deutschland insgesamt;DG;Deutschland;MONAT;Monate;MONAT03;März;95,0;+1,9;+0,5
61111;Verbraucherpreisindex für Deutschland;JAHR;Jahr;2011;DINSG;Deutschland insgesamt;DG;Deutschland;MONAT;Monate;MONAT04;April;95,1;+2,0;+0,1
61111;Verbraucherpreisindex für Deutschland;JAHR;Jahr;2011;DINSG;Deutschland insgesamt;DG;Deutschland;MONAT;Monate;MONAT05;Mai;95,0;+1,9;-0,1
61111;Verbraucherpreisindex für Deutschland;JAHR;Jahr;2011;DINSG;Deutschland insgesamt;DG;Deutschland;MONAT;Monate;MONAT06;Juni;95,1;+2,0;+0,1
61111;Verbraucherpreisindex für Deutschland;JAHR;Jahr;2011;DINSG;Deutschland insgesamt;DG;Deutschland;MONAT;Monate;MONAT07;Juli;95,3;+2,1;+0,2
61111;Verbraucherpreisindex für Deutschland;JAHR;Jahr;2011;DINSG;Deutschland insgesamt;DG;Deutschland;MONAT;Monate;MONAT08;August;95,4;+2,1;+0,1
61111;Verbraucherpreisindex für Deutschland;JAHR;Jahr;2011;DINSG;Deutschland insgesamt;DG;Deutschland;MONAT;Monate;MONAT09;September;95,6;+2,5;+0,2
61111;Verbraucherpreisindex für Deutschland;JAHR;Jahr;2011;DINSG;Deutschland insgesamt;DG;Deutschland;MONAT;Monate;MONAT10;Oktober;95,6;+2,4;-
61111;Verbraucherpreisindex für Deutschland;JAHR;Jahr;2011;DINSG;Deutschland insgesamt;DG;Deutschland;MONAT;Monate;MONAT11;November;95,7;+2,2;+0,1
61111;Verbraucherpreisindex für Deutschland;JAHR;Jahr;2011;DINSG;Deutschland insgesamt;DG;Deutschland;MONAT;Monate;MONAT12;Dezember;96,0;+2,0;+0,3
61111;Verbraucherpreisindex für Deutschland;JAHR;Jahr;2012;DINSG;Deutschland insgesamt;DG;Deutschland;MONAT;Monate;MONAT01;Januar;95,8;+2,0;-0,2
61111;Verbraucherpreisindex für Deutschland;JAHR;Jahr;2012;DINSG;Deutschland insgesamt;DG;Deutschland;MONAT;Monate;MONAT02;Februar;96,5;+2,1;+0,7
61111;Verbraucherpreisindex für Deutschland;JAHR;Jahr;2012;DINSG;Deutschland insgesamt;DG;Deutschland;MONAT;Monate;MONAT03;März;97,1;+2,2;+0,6
61111;Verbraucherpreisindex für Deutschland;JAHR;Jahr;2012;DINSG;Deutschland insgesamt;DG;Deutschland;MONAT;Monate;MONAT04;April;96,9;+1,9;-0,2
61111;Verbraucherpreisindex für Deutschland;JAHR;Jahr;2012;DINSG;Deutschland insgesamt;DG;Deutschland;MONAT;Monate;MONAT05;Mai;96,8;+1,9;-0,1
61111;Verbraucherpreisindex für Deutschland;JAHR;Jahr;2012;DINSG;Deutschland insgesamt;DG;Deutschland;MONAT;Monate;MONAT06;Juni;96,7;+1,7;-0,1
61111;Verbraucherpreisindex für Deutschland;JAHR;Jahr;2012;DINSG;Deutschland insgesamt;DG;Deutschland;MONAT;Monate;MONAT07;Juli;97,1;+1,9;+0,4
61111;Verbraucherpreisindex für Deutschland;JAHR;Jahr;2012;DINSG;Deutschland insgesamt;DG;Deutschland;MONAT;Monate;MONAT08;August;97,4;+2,1;+0,3
61111;Verbraucherpreisindex für Deutschland;JAHR;Jahr;2012;DINSG;Deutschland insgesamt;DG;Deutschland;MONAT;Monate;MONAT09;September;97,5;+2,0;+0,1
61111;Verbraucherpreisindex für Deutschland;JAHR;Jahr;2012;DINSG;Deutschland insgesamt;DG;Deutschland;MONAT;Monate;MONAT10;Oktober;97,5;+2,0;-
61111;Verbraucherpreisindex für Deutschland;JAHR;Jahr;2012;DINSG;Deutschland insgesamt;DG;Deutschland;MONAT;Monate;MONAT11;November;97,6;+2,0;+0,1
61111;Verbraucherpreisindex für Deutschland;JAHR;Jahr;2012;DINSG;Deutschland insgesamt;DG;Deutschland;MONAT;Monate;MONAT12;Dezember;97,9;+2,0;+0,3
61111;Verbraucherpreisindex für Deutschland;JAHR;Jahr;2013;DINSG;Deutschland insgesamt;DG;Deutschland;MONAT;Monate;MONAT01;Januar;97,4;+1,7;-0,5
61111;Verbraucherpreisindex für Deutschland;JAHR;Jahr;2013;DINSG;Deutschland insgesamt;DG;Deutschland;MONAT;Monate;MONAT02;Februar;98,0;+1,6;+0,6
61111;Verbraucherpreisindex für Deutschland;JAHR;Jahr;2013;DINSG;Deutschland insgesamt;DG;Deutschland;MONAT;Monate;MONAT03;März;98,4;+1,3;+0,4
61111;Verbraucherpreisindex für Deutschland;JAHR;Jahr;2013;DINSG;Deutschland insgesamt;DG;Deutschland;MONAT;Monate;MONAT04;April;98,0;+1,1;-0,4
61111;Verbraucherpreisindex für Deutschland;JAHR;Jahr;2013;DINSG;Deutschland insgesamt;DG;Deutschland;MONAT;Monate;MONAT05;Mai;98,4;+1,7;+0,4
61111;Verbraucherpreisindex für Deutschland;JAHR;Jahr;2013;DINSG;Deutschland insgesamt;DG;Deutschland;MONAT;Monate;MONAT06;Juni;98,5;+1,9;+0,1
61111;Verbraucherpreisindex für Deutschland;JAHR;Jahr;2013;DINSG;Deutschland insgesamt;DG;Deutschland;MONAT;Monate;MONAT07;Juli;98,9;+1,9;+0,4
61111;Verbraucherpreisindex für Deutschland;JAHR;Jahr;2013;DINSG;Deutschland insgesamt;DG;Deutschland;MONAT;Monate;MONAT08;August;98,9;+1,5;-
61111;Verbraucherpreisindex für Deutschland;JAHR;Jahr;2013;DINSG;Deutschland insgesamt;DG;Deutschland;MONAT;Monate;MONAT09;September;98,9;+1,4;-
61111;Verbraucherpreisindex für Deutschland;JAHR;Jahr;2013;DINSG;Deutschland insgesamt;DG;Deutschland;MONAT;Monate;MONAT10;Oktober;98,7;+1,2;-0,2
61111;Verbraucherpreisindex für Deutschland;JAHR;Jahr;2013;DINSG;Deutschland insgesamt;DG;Deutschland;MONAT;Monate;MONAT11;November;98,9;+1,3;+0,2
61111;Verbraucherpreisindex für Deutschland;JAHR;Jahr;2013;DINSG;Deutschland insgesamt;DG;Deutschland;MONAT;Monate;MONAT12;Dezember;99,3;+1,4;+0,4
61111;Verbraucherpreisindex für Deutschland;JAHR;Jahr;2014;DINSG;Deutschland insgesamt;DG;Deutschland;MONAT;Monate;MONAT01;Januar;98,8;+1,4;-0,5
61111;Verbraucherpreisindex für Deutschland;JAHR;Jahr;2014;DINSG;Deutschland insgesamt;DG;Deutschland;MONAT;Monate;MONAT02;Februar;99,2;+1,2;+0,4
61111;Verbraucherpreisindex für Deutschland;JAHR;Jahr;2014;DINSG;Deutschland insgesamt;DG;Deutschland;MONAT;Monate;MONAT03;März;99,5;+1,1;+0,3
61111;Verbraucherpreisindex für Deutschland;JAHR;Jahr;2014;DINSG;Deutschland insgesamt;DG;Deutschland;MONAT;Monate;MONAT04;April;99,4;+1,4;-0,1
61111;Verbraucherpreisindex für Deutschland;JAHR;Jahr;2014;DINSG;Deutschland insgesamt;DG;Deutschland;MONAT;Monate;MONAT05;Mai;99,2;+0,8;-0,2
61111;Verbraucherpreisindex für Deutschland;JAHR;Jahr;2014;DINSG;Deutschland insgesamt;DG;Deutschland;MONAT;Monate;MONAT06;Juni;99,5;+1,0;+0,3
61111;Verbraucherpreisindex für Deutschland;JAHR;Jahr;2014;DINSG;Deutschland insgesamt;DG;Deutschland;MONAT;Monate;MONAT07;Juli;99,7;+0,8;+0,2
61111;Verbraucherpreisindex für Deutschland;JAHR;Jahr;2014;DINSG;Deutschland insgesamt;DG;Deutschland;MONAT;Monate;MONAT08;August;99,8;+0,9;+0,1
61111;Verbraucherpreisindex für Deutschland;JAHR;Jahr;2014;DINSG;Deutschland insgesamt;DG;Deutschland;MONAT;Monate;MONAT09;September;99,8;+0,9;-
61111;Verbraucherpreisindex für Deutschland;JAHR;Jahr;2014;DINSG;Deutschland insgesamt;DG;Deutschland;MONAT;Monate;MONAT10;Oktober;99,5;+0,8;-0,3
61111;Verbraucherpreisindex für Deutschland;JAHR;Jahr;2014;DINSG;Deutschland insgesamt;DG;Deutschland;MONAT;Monate;MONAT11;November;99,5;+0,6;-
61111;Verbraucherpreisindex für Deutschland;JAHR;Jahr;2014;DINSG;Deutschland insgesamt;DG;Deutschland;MONAT;Monate;MONAT12;Dezember;99,5;+0,2;-
61111;Verbraucherpreisindex für Deutschland;JAHR;Jahr;2015;DINSG;Deutschland insgesamt;DG;Deutschland;MONAT;Monate;MONAT01;Januar;98,5;-0,3;-1,0
61111;Verbraucherpreisindex für Deutschland;JAHR;Jahr;2015;DINSG;Deutschland insgesamt;DG;Deutschland;MONAT;Monate;MONAT02;Februar;99,2;-;+0,7
61111;Verbraucherpreisindex für Deutschland;JAHR;Jahr;2015;DINSG;Deutschland insgesamt;DG;Deutschland;MONAT;Monate;MONAT03;März;99,7;+0,2;+0,5
61111;Verbraucherpreisindex für Deutschland;JAHR;Jahr;2015;DINSG;Deutschland insgesamt;DG;Deutschland;MONAT;Monate;MONAT04;April;100,2;+0,8;+0,5
61111;Verbraucherpreisindex für Deutschland;JAHR;Jahr;2015;DINSG;Deutschland insgesamt;DG;Deutschland;MONAT;Monate;MONAT05;Mai;100,4;+1,2;+0,2
61111;Verbraucherpreisindex für Deutschland;JAHR;Jahr;2015;DINSG;Deutschland insgesamt;DG;Deutschland;MONAT;Monate;MONAT06;Juni;100,4;+0,9;-
61111;Verbraucherpreisindex für Deutschland;JAHR;Jahr;2015;DINSG;Deutschland insgesamt;DG;Deutschland;MONAT;Monate;MONAT07;Juli;100,6;+0,9;+0,2
61111;Verbraucherpreisindex für Deutschland;JAHR;Jahr;2015;DINSG;Deutschland insgesamt;DG;Deutschland;MONAT;Monate;MONAT08;August;100,6;+0,8;-
61111;Verbraucherpreisindex für Deutschland;JAHR;Jahr;2015;DINSG;Deutschland insgesamt;DG;Deutschland;MONAT;Monate;MONAT09;September;100,4;+0,6;-0,2
61111;Verbraucherpreisindex für Deutschland;JAHR;Jahr;2015;DINSG;Deutschland insgesamt;DG;Deutschland;MONAT;Monate;MONAT10;Oktober;100,4;+0,9;-
61111;Verbraucherpreisindex für Deutschland;JAHR;Jahr;2015;DINSG;Deutschland insgesamt;DG;Deutschland;MONAT;Monate;MONAT11;November;99,7;+0,2;-0,7
61111;Verbraucherpreisindex für Deutschland;JAHR;Jahr;2015;DINSG;Deutschland insgesamt;DG;Deutschland;MONAT;Monate;MONAT12;Dezember;99,7;+0,2;-
61111;Verbraucherpreisindex für Deutschland;JAHR;Jahr;2016;DINSG;Deutschland insgesamt;DG;Deutschland;MONAT;Monate;MONAT01;Januar;99,0;+0,5;-0,7
61111;Verbraucherpreisindex für Deutschland;JAHR;Jahr;2016;DINSG;Deutschland insgesamt;DG;Deutschland;MONAT;Monate;MONAT02;Februar;99,3;+0,1;+0,3
61111;Verbraucherpreisindex für Deutschland;JAHR;Jahr;2016;DINSG;Deutschland insgesamt;DG;Deutschland;MONAT;Monate;MONAT03;März;100,0;+0,3;+0,7
61111;Verbraucherpreisindex für Deutschland;JAHR;Jahr;2016;DINSG;Deutschland insgesamt;DG;Deutschland;MONAT;Monate;MONAT04;April;100,1;-0,1;+0,1
61111;Verbraucherpreisindex für Deutschland;JAHR;Jahr;2016;DINSG;Deutschland insgesamt;DG;Deutschland;MONAT;Monate;MONAT05;Mai;100,6;+0,2;+0,5
61111;Verbraucherpreisindex für Deutschland;JAHR;Jahr;2016;DINSG;Deutschland insgesamt;DG;Deutschland;MONAT;Monate;MONAT06;Juni;100,7;+0,3;+0,1
61111;Verbraucherpreisindex für Deutschland;JAHR;Jahr;2016;DINSG;Deutschland insgesamt;DG;Deutschland;MONAT;Monate;MONAT07;Juli;101,1;+0,5;+0,4
61111;Verbraucherpreisindex für Deutschland;JAHR;Jahr;2016;DINSG;Deutschland insgesamt;DG;Deutschland;MONAT;Monate;MONAT08;August;101,0;+0,4;-0,1
61111;Verbraucherpreisindex für Deutschland;JAHR;Jahr;2016;DINSG;Deutschland insgesamt;DG;Deutschland;MONAT;Monate;MONAT09;September;101,0;+0,6;-
61111;Verbraucherpreisindex für Deutschland;JAHR;Jahr;2016;DINSG;Deutschland insgesamt;DG;Deutschland;MONAT;Monate;MONAT10;Oktober;101,2;+0,8;+0,2
61111;Verbraucherpreisindex für Deutschland;JAHR;Jahr;2016;DINSG;Deutschland insgesamt;DG;Deutschland;MONAT;Monate;MONAT11;November;100,5;+0,8;-0,7
61111;Verbraucherpreisindex für Deutschland;JAHR;Jahr;2016;DINSG;Deutschland insgesamt;DG;Deutschland;MONAT;Monate;MONAT12;Dezember;101,2;+1,5;+0,7
61111;Verbraucherpreisindex für Deutschland;JAHR;Jahr;2017;DINSG;Deutschland insgesamt;DG;Deutschland;MONAT;Monate;MONAT01;Januar;100,6;+1,6;-0,6
61111;Verbraucherpreisindex für Deutschland;JAHR;Jahr;2017;DINSG;Deutschland insgesamt;DG;Deutschland;MONAT;Monate;MONAT02;Februar;101,2;+1,9;+0,6
61111;Verbraucherpreisindex für Deutschland;JAHR;Jahr;2017;DINSG;Deutschland insgesamt;DG;Deutschland;MONAT;Monate;MONAT03;März;101,4;+1,4;+0,2
61111;Verbraucherpreisindex für Deutschland;JAHR;Jahr;2017;DINSG;Deutschland insgesamt;DG;Deutschland;MONAT;Monate;MONAT04;April;101,8;+1,7;+0,4
61111;Verbraucherpreisindex für Deutschland;JAHR;Jahr;2017;DINSG;Deutschland insgesamt;DG;Deutschland;MONAT;Monate;MONAT05;Mai;101,8;+1,2;-
61111;Verbraucherpreisindex für Deutschland;JAHR;Jahr;2017;DINSG;Deutschland insgesamt;DG;Deutschland;MONAT;Monate;MONAT06;Juni;102,1;+1,4;+0,3
61111;Verbraucherpreisindex für Deutschland;JAHR;Jahr;2017;DINSG;Deutschland insgesamt;DG;Deutschland;MONAT;Monate;MONAT07;Juli;102,5;+1,4;+0,4
61111;Verbraucherpreisindex für Deutschland;JAHR;Jahr;2017;DINSG;Deutschland insgesamt;DG;Deutschland;MONAT;Monate;MONAT08;August;102,6;+1,6;+0,1
61111;Verbraucherpreisindex für Deutschland;JAHR;Jahr;2017;DINSG;Deutschland insgesamt;DG;Deutschland;MONAT;Monate;MONAT09;September;102,7;+1,7;+0,1
61111;Verbraucherpreisindex für Deutschland;JAHR;Jahr;2017;DINSG;Deutschland insgesamt;DG;Deutschland;MONAT;Monate;MONAT10;Oktober;102,5;+1,3;-0,2
61111;Verbraucherpreisindex für Deutschland;JAHR;Jahr;2017;DINSG;Deutschland insgesamt;DG;Deutschland;MONAT;Monate;MONAT11;November;102,1;+1,6;-0,4
61111;Verbraucherpreisindex für Deutschland;JAHR;Jahr;2017;DINSG;Deutschland insgesamt;DG;Deutschland;MONAT;Monate;MONAT12;Dezember;102,6;+1,4;+0,5
61111;Verbraucherpreisindex für Deutschland;JAHR;Jahr;2018;DINSG;Deutschland insgesamt;DG;Deutschland;MONAT;Monate;MONAT01;Januar;102,0;+1,4;-0,6
61111;Verbraucherpreisindex für Deutschland;JAHR;Jahr;2018;DINSG;Deutschland insgesamt;DG;Deutschland;MONAT;Monate;MONAT02;Februar;102,3;+1,1;+0,3
61111;Verbraucherpreisindex für Deutschland;JAHR;Jahr;2018;DINSG;Deutschland insgesamt;DG;Deutschland;MONAT;Monate;MONAT03;März;102,9;+1,5;+0,6
61111;Verbraucherpreisindex für Deutschland;JAHR;Jahr;2018;DINSG;Deutschland insgesamt;DG;Deutschland;MONAT;Monate;MONAT04;April;103,1;+1,3;+0,2
61111;Verbraucherpreisindex für Deutschland;JAHR;Jahr;2018;DINSG;Deutschland insgesamt;DG;Deutschland;MONAT;Monate;MONAT05;Mai;103,9;+2,1;+0,8
61111;Verbraucherpreisindex für Deutschland;JAHR;Jahr;2018;DINSG;Deutschland insgesamt;DG;Deutschland;MONAT;Monate;MONAT06;Juni;104,0;+1,9;+0,1
61111;Verbraucherpreisindex für Deutschland;JAHR;Jahr;2018;DINSG;Deutschland insgesamt;DG;Deutschland;MONAT;Monate;MONAT07;Juli;104,4;+1,9;+0,4
61111;Verbraucherpreisindex für Deutschland;JAHR;Jahr;2018;DINSG;Deutschland insgesamt;DG;Deutschland;MONAT;Monate;MONAT08;August;104,5;+1,9;+0,1
61111;Verbraucherpreisindex für Deutschland;JAHR;Jahr;2018;DINSG;Deutschland insgesamt;DG;Deutschland;MONAT;Monate;MONAT09;September;104,7;+1,9;+0,2
61111;Verbraucherpreisindex für Deutschland;JAHR;Jahr;2018;DINSG;Deutschland insgesamt;DG;Deutschland;MONAT;Monate;MONAT10;Oktober;104,9;+2,3;+0,2
61111;Verbraucherpreisindex für Deutschland;JAHR;Jahr;2018;DINSG;Deutschland insgesamt;DG;Deutschland;MONAT;Monate;MONAT11;November;104,2;+2,1;-0,7
61111;Verbraucherpreisindex für Deutschland;JAHR;Jahr;2018;DINSG;Deutschland insgesamt;DG;Deutschland;MONAT;Monate;MONAT12;Dezember;104,2;+1,6;-
61111;Verbraucherpreisindex für Deutschland;JAHR;Jahr;2019;DINSG;Deutschland insgesamt;DG;Deutschland;MONAT;Monate;MONAT01;Januar;103,4;+1,4;-0,8
61111;Verbraucherpreisindex für Deutschland;JAHR;Jahr;2019;DINSG;Deutschland insgesamt;DG;Deutschland;MONAT;Monate;MONAT02;Februar;103,8;+1,5;+0,4
61111;Verbraucherpreisindex für Deutschland;JAHR;Jahr;2019;DINSG;Deutschland insgesamt;DG;Deutschland;MONAT;Monate;MONAT03;März;104,2;+1,3;+0,4
61111;Verbraucherpreisindex für Deutschland;JAHR;Jahr;2019;DINSG;Deutschland insgesamt;DG;Deutschland;MONAT;Monate;MONAT04;April;105,2;+2,0;+1,0
61111;Verbraucherpreisindex für Deutschland;JAHR;Jahr;2019;DINSG;Deutschland insgesamt;DG;Deutschland;MONAT;Monate;MONAT05;Mai;105,4;+1,4;+0,2
61111;Verbraucherpreisindex für Deutschland;JAHR;Jahr;2019;DINSG;Deutschland insgesamt;DG;Deutschland;MONAT;Monate;MONAT06;Juni;105,7;+1,6;+0,3
61111;Verbraucherpreisindex für Deutschland;JAHR;Jahr;2019;DINSG;Deutschland insgesamt;DG;Deutschland;MONAT;Monate;MONAT07;Juli;106,2;+1,7;+0,5
61111;Verbraucherpreisindex für Deutschland;JAHR;Jahr;2019;DINSG;Deutschland insgesamt;DG;Deutschland;MONAT;Monate;MONAT08;August;106,0;+1,4;-0,2
61111;Verbraucherpreisindex für Deutschland;JAHR;Jahr;2019;DINSG;Deutschland insgesamt;DG;Deutschland;MONAT;Monate;MONAT09;September;106,0;+1,2;-
61111;Verbraucherpreisindex für Deutschland;JAHR;Jahr;2019;DINSG;Deutschland insgesamt;DG;Deutschland;MONAT;Monate;MONAT10;Oktober;106,1;+1,1;+0,1
61111;Verbraucherpreisindex für Deutschland;JAHR;Jahr;2019;DINSG;Deutschland insgesamt;DG;Deutschland;MONAT;Monate;MONAT11;November;105,3;+1,1;-0,8
61111;Verbraucherpreisindex für Deutschland;JAHR;Jahr;2019;DINSG;Deutschland insgesamt;DG;Deutschland;MONAT;Monate;MONAT12;Dezember;105,8;+1,5;+0,5
61111;Verbraucherpreisindex für Deutschland;JAHR;Jahr;2020;DINSG;Deutschland insgesamt;DG;Deutschland;MONAT;Monate;MONAT01;Januar;105,2;+1,7;-0,6
61111;Verbraucherpreisindex für Deutschland;JAHR;Jahr;2020;DINSG;Deutschland insgesamt;DG;Deutschland;MONAT;Monate;MONAT02;Februar;105,6;+1,7;+0,4
61111;Verbraucherpreisindex für Deutschland;JAHR;Jahr;2020;DINSG;Deutschland insgesamt;DG;Deutschland;MONAT;Monate;MONAT03;März;105,7;+1,4;+0,1
61111;Verbraucherpreisindex für Deutschland;JAHR;Jahr;2020;DINSG;Deutschland insgesamt;DG;Deutschland;MONAT;Monate;MONAT04;April;106,1;+0,9;+0,4
61111;Verbraucherpreisindex für Deutschland;JAHR;Jahr;2020;DINSG;Deutschland insgesamt;DG;Deutschland;MONAT;Monate;MONAT05;Mai;106,0;+0,6;-0,1
61111;Verbraucherpreisindex für Deutschland;JAHR;Jahr;2020;DINSG;Deutschland insgesamt;DG;Deutschland;MONAT;Monate;MONAT06;Juni;106,6;+0,9;+0,6
61111;Verbraucherpreisindex für Deutschland;JAHR;Jahr;2020;DINSG;Deutschland insgesamt;DG;Deutschland;MONAT;Monate;MONAT07;Juli;106,1;-0,1;-0,5
61111;Verbraucherpreisindex für Deutschland;JAHR;Jahr;2020;DINSG;Deutschland insgesamt;DG;Deutschland;MONAT;Monate;MONAT08;August;106,0;-;-0,1
61111;Verbraucherpreisindex für Deutschland;JAHR;Jahr;2020;DINSG;Deutschland insgesamt;DG;Deutschland;MONAT;Monate;MONAT09;September;105,8;-0,2;-0,2
61111;Verbraucherpreisindex für Deutschland;JAHR;Jahr;2020;DINSG;Deutschland insgesamt;DG;Deutschland;MONAT;Monate;MONAT10;Oktober;105,9;-0,2;+0,1
61111;Verbraucherpreisindex für Deutschland;JAHR;Jahr;2020;DINSG;Deutschland insgesamt;DG;Deutschland;MONAT;Monate;MONAT11;November;105,0;-0,3;-0,8
61111;Verbraucherpreisindex für Deutschland;JAHR;Jahr;2020;DINSG;Deutschland insgesamt;DG;Deutschland;MONAT;Monate;MONAT12;Dezember;105,5;-0,3;+0,5
61111;Verbraucherpreisindex für Deutschland;JAHR;Jahr;2021;DINSG;Deutschland insgesamt;DG;Deutschland;MONAT;Monate;MONAT01;Januar;106,3;+1,0;+0,8
61111;Verbraucherpreisindex für Deutschland;JAHR;Jahr;2021;DINSG;Deutschland insgesamt;DG;Deutschland;MONAT;Monate;MONAT02;Februar;107,0;+1,3;+0,7
61111;Verbraucherpreisindex für Deutschland;JAHR;Jahr;2021;DINSG;Deutschland insgesamt;DG;Deutschland;MONAT;Monate;MONAT03;März;107,5;+1,7;+0,5
61111;Verbraucherpreisindex für Deutschland;JAHR;Jahr;2021;DINSG;Deutschland insgesamt;DG;Deutschland;MONAT;Monate;MONAT04;April;108,2;+2,0;+0,7
61111;Verbraucherpreisindex für Deutschland;JAHR;Jahr;2021;DINSG;Deutschland insgesamt;DG;Deutschland;MONAT;Monate;MONAT05;Mai;108,7;+2,5;+0,5
61111;Verbraucherpreisindex für Deutschland;JAHR;Jahr;2021;DINSG;Deutschland insgesamt;DG;Deutschland;MONAT;Monate;MONAT06;Juni;109,1;+2,3;+0,4
61111;Verbraucherpreisindex für Deutschland;JAHR;Jahr;2021;DINSG;Deutschland insgesamt;DG;Deutschland;MONAT;Monate;MONAT07;Juli;110,1;+3,8;+0,9
61111;Verbraucherpreisindex für Deutschland;JAHR;Jahr;2021;DINSG;Deutschland insgesamt;DG;Deutschland;MONAT;Monate;MONAT08;August;110,1;+3,9;-
61111;Verbraucherpreisindex für Deutschland;JAHR;Jahr;2021;DINSG;Deutschland insgesamt;DG;Deutschland;MONAT;Monate;MONAT09;September;110,1;+4,1;-
61111;Verbraucherpreisindex für Deutschland;JAHR;Jahr;2021;DINSG;Deutschland insgesamt;DG;Deutschland;MONAT;Monate;MONAT10;Oktober;110,7;+4,5;+0,5
61111;Verbraucherpreisindex für Deutschland;JAHR;Jahr;2021;DINSG;Deutschland insgesamt;DG;Deutschland;MONAT;Monate;MONAT11;November;110,5;+5,2;-0,2
61111;Verbraucherpreisindex für Deutschland;JAHR;Jahr;2021;DINSG;Deutschland insgesamt;DG;Deutschland;MONAT;Monate;MONAT12;Dezember;111,1;+5,3;+0,5
61111;Verbraucherpreisindex für Deutschland;JAHR;Jahr;2022;DINSG;Deutschland insgesamt;DG;Deutschland;MONAT;Monate;MONAT01;Januar;111,5;+4,9;+0,4
61111;Verbraucherpreisindex für Deutschland;JAHR;Jahr;2022;DINSG;Deutschland insgesamt;DG;Deutschland;MONAT;Monate;MONAT02;Februar;112,5;+5,1;+0,9
61111;Verbraucherpreisindex für Deutschland;JAHR;Jahr;2022;DINSG;Deutschland insgesamt;DG;Deutschland;MONAT;Monate;MONAT03;März;115,3;+7,3;+2,5
61111;Verbraucherpreisindex für Deutschland;JAHR;Jahr;2022;DINSG;Deutschland insgesamt;DG;Deutschland;MONAT;Monate;MONAT04;April;116,2;+7,4;+0,8
61111;Verbraucherpreisindex für Deutschland;JAHR;Jahr;2022;DINSG;Deutschland insgesamt;DG;Deutschland;MONAT;Monate;MONAT05;Mai;117,3;+7,9;+0,9
61111;Verbraucherpreisindex für Deutschland;JAHR;Jahr;2022;DINSG;Deutschland insgesamt;DG;Deutschland;MONAT;Monate;MONAT06;Juni;117,4;+7,6;+0,1
61111;Verbraucherpreisindex für Deutschland;JAHR;Jahr;2022;DINSG;Deutschland insgesamt;DG;Deutschland;MONAT;Monate;MONAT07;Juli;118,4;+7,5;+0,9
61111;Verbraucherpreisindex für Deutschland;JAHR;Jahr;2022;DINSG;Deutschland insgesamt;DG;Deutschland;MONAT;Monate;MONAT08;August;118,8;+7,9;+0,3
61111;Verbraucherpreisindex für Deutschland;JAHR;Jahr;2022;DINSG;Deutschland insgesamt;DG;Deutschland;MONAT;Monate;MONAT09;September;121,1;+10,0;+1,9
61111;Verbraucherpreisindex für Deutschland;JAHR;Jahr;2022;DINSG;Deutschland insgesamt;DG;Deutschland;MONAT;Monate;MONAT10;Oktober;122,2;+10,4;+0,9
61111;Verbraucherpreisindex für Deutschland;JAHR;Jahr;2022;DINSG;Deutschland insgesamt;DG;Deutschland;MONAT;Monate;MONAT11;November;121,6;+10,0;-0,5
61111;Verbraucherpreisindex für Deutschland;JAHR;Jahr;2022;DINSG;Deutschland insgesamt;DG;Deutschland;MONAT;Monate;MONAT12;Dezember;...;...;...
